word	count
cells	654
cancer	474
risk	422
cell	393
associated	348
patients	323
ci	318
mice	247
increased	241
expression	236
use	232
p	211
treatment	194
disease	192
breast	192
higher	183
levels	178
activity	174
women	169
mortality	162
increases	158
human	156
function	152
therapy	149
development	147
protein	146
stem	146
compared	143
high	140
activation	137
cervical	137
receptor	136
role	130
lower	129
effects	128
group	126
factors	122
gene	122
among	121
significantly	121
reduces	120
incidence	119
rates	118
blood	118
weight	116
reduced	112
diabetes	111
data	109
birth	109
years	108
also	103
less	103
tumor	102
screening	101
infection	100
may	99
control	99
neurons	97
95	97
confidence	96
interval	94
study	94
factor	94
signaling	93
effective	92
normal	91
results	91
type	90
increase	90
studies	90
embryonic	90
rate	89
dna	88
resistance	88
production	87
cytology	87
mouse	86
death	86
events	86
severe	85
million	84
decreased	84
mutations	84
age	81
proteins	81
kinase	80
tissue	80
growth	80
induced	80
inflammatory	80
epithelial	80
ratio	79
outcomes	79
early	79
acute	79
primary	79
pathway	79
formation	79
people	78
immune	78
cardiovascular	78
likely	76
show	76
chronic	75
association	75
response	74
including	74
acid	73
progression	73
prior	73
required	72
potential	71
three	71
conventional	71
differentiation	70
vs	69
outcome	69
analysis	69
occurs	69
transcription	69
hpv	68
reduction	67
sensitivity	67
adjusted	66
monocytes	66
obesity	66
stroke	66
number	65
genetic	65
per	64
effect	64
individuals	64
important	64
pressure	64
capacity	63
new	63
vitamin	62
inflammation	62
found	62
life	62
models	61
loss	61
macrophages	61
population	60
model	60
exercise	60
rna	60
induction	59
energy	59
hr	58
relative	58
vivo	58
adults	58
target	58
involved	58
one	58
using	57
mean	56
known	56
specific	56
clinical	55
participants	55
lung	55
inhibitors	55
surgery	55
2	55
plasma	54
improves	54
essential	54
decreases	54
system	54
female	54
neoplasia	54
stable	53
b	53
survival	53
major	53
deficiency	53
pregnancy	53
common	53
detection	53
intraepithelial	53
treated	52
functional	52
mitochondrial	52
care	52
mechanism	52
active	51
two	51
hiv	51
reduce	50
antibodies	50
used	50
responses	50
g	50
detect	50
months	49
children	49
greater	49
cellular	49
regulates	49
based	49
evidence	48
leads	48
suggest	48
ovarian	48
aged	48
count	48
gastric	48
virus	48
prostate	48
sympathetic	48
significant	47
low	47
patient	47
time	47
heart	47
without	47
lack	47
key	47
odds	47
replication	47
induces	47
homeostasis	47
via	47
metabolism	46
insulin	46
identified	46
causes	45
smoking	45
genes	45
health	45
multiple	45
dementia	45
muscle	45
cases	44
lacking	44
fibrosis	44
longitudinal	44
transplantation	43
elevated	43
regulate	43
promotes	43
regulation	43
within	43
antidepressants	43
signals	43
fractures	43
placebo	42
drugs	42
physical	42
thymic	42
whether	41
total	41
apoptosis	41
impact	41
failure	41
plays	41
men	41
cognitive	41
complex	40
support	40
body	40
mutant	40
neutrophil	40
adult	40
vitro	40
groups	40
male	40
grade	40
suggesting	39
cycle	39
enhanced	39
areas	39
improved	39
autoimmune	39
combination	39
methylation	39
germ	39
types	39
positive	38
improve	38
similar	38
provide	38
rapid	38
actin	38
first	38
mechanisms	38
adverse	38
reducing	38
due	38
tuberculosis	38
showed	38
cancers	38
later	38
viral	38
level	37
different	37
reserve	37
observed	37
tissues	37
autologous	37
interaction	37
sex	37
prevalence	36
respectively	36
us	36
indicate	36
phosphorylation	36
functions	36
upon	36
develop	36
trials	36
signalling	36
somatic	36
domain	36
medications	36
medullary	36
systemic	35
hormone	35
diminished	35
even	35
subjects	35
tumors	35
expressed	35
exposure	35
caused	35
whereas	35
hypertension	35
extracellular	35
glutamate	35
brain	35
renal	34
difference	34
highly	34
status	34
mutation	34
controls	34
across	34
cholesterol	34
points	34
endometrial	34
surgical	34
intestinal	34
layers	34
overall	33
hazard	33
index	33
values	33
infertility	33
contribute	33
conditions	33
migration	33
drug	33
headaches	33
combined	33
weeks	33
bariatric	33
relationship	33
glucose	33
identify	33
allele	33
glioma	33
decrease	32
alpha	32
many	32
humans	32
throughout	32
changes	32
headache	32
although	32
hospital	32
cytokines	32
atherosclerotic	32
requires	32
c	32
medical	32
nerve	32
cause	31
erythrocyte	31
concentration	31
genome	31
well	31
period	31
information	31
intervention	31
resulted	31
susceptibility	31
accumulation	31
nuclear	31
result	30
serum	30
activated	30
current	30
taking	30
play	30
size	30
pain	30
consumption	30
conclusions	30
elderly	30
however	30
proliferation	30
progenitors	30
e	30
infected	30
inhibits	30
articles	30
hospitals	29
correlated	29
presence	29
findings	29
n	29
reproductive	29
ampk	29
art	29
determined	29
targeting	29
year	29
diseases	29
myeloid	29
tamoxifen	28
better	28
substantially	28
directly	28
demonstrate	28
membrane	28
could	28
innate	28
myocardial	28
general	28
cardiac	28
colorectal	28
transcriptional	28
binding	28
positively	28
act	28
bleeding	28
direct	28
hypothalamic	28
environmental	28
myocarditis	28
mtecs	28
warfarin	28
auditory	28
previously	27
kidney	27
setting	27
related	27
solely	27
homozygous	27
critical	27
pathways	27
therapeutic	27
receptors	27
mechanical	27
adipose	27
inhibitor	27
visual	27
antibody	27
dysfunction	27
carriers	27
measures	27
lesions	27
varenicline	27
aging	27
large	27
oral	27
program	27
controlled	27
mical	27
mediated	26
cohort	26
single	26
enhances	26
regulator	26
inhibiting	26
calcium	26
either	26
maintenance	26
postoperative	26
regulatory	26
analyses	26
form	26
infants	26
balance	26
memory	26
delivery	26
improving	26
slows	26
prisoners	26
hip	26
network	25
treating	25
family	25
ii	25
malaria	25
protection	25
pancreatic	25
maternal	25
prevents	25
state	25
independent	25
resulting	25
inhibition	25
lead	25
range	25
concentrations	25
fat	25
suppressor	25
kg	25
gestational	25
bone	25
give	25
rise	25
transport	25
lipid	25
side	25
global	25
species	25
knockout	25
1	25
affect	24
randomized	24
young	24
manner	24
apolipoprotein	24
access	24
infections	24
damage	24
polarization	24
sites	24
murine	24
impaired	24
genomic	24
rr	24
published	24
targeted	24
leading	24
depletion	24
inducing	24
shoulder	24
dietary	24
anxiety	24
atherosclerosis	24
susceptible	24
statin	24
ultrasound	24
uk	23
liver	23
mental	23
h	23
variants	23
encoding	23
developing	23
experimental	23
absence	23
crucial	23
neutrophils	23
hepatic	23
amitriptyline	23
promote	23
metastasis	23
tumour	23
histone	23
neurotransmission	23
influence	23
acetylation	23
exercises	23
leukemia	23
enzymes	23
knockdown	23
pioglitazone	23
severity	22
express	22
cycles	22
secretion	22
birthweight	22
deletion	22
produced	22
established	22
antiretroviral	22
ldl	22
monitoring	22
older	22
least	22
achieved	22
open	22
main	22
host	22
autonomous	22
mitosis	22
dexamethasone	22
naive	22
copd	22
effector	22
teaching	22
mtec	22
needle	22
walking	22
cx3cr1	22
regions	21
therapies	21
mass	21
priori	21
ad	21
unrelated	21
adhesion	21
regulating	21
dendritic	21
migraine	21
brown	21
live	21
bypass	21
symptoms	21
metabolic	21
dynamics	21
determination	21
expenditure	21
transcripts	21
necessary	21
sirna	21
gut	21
regulated	21
sepsis	21
glioblastoma	21
aids	21
sct	21
granulomas	21
axonal	21
linked	21
density	21
spinal	21
pyridostatin	21
rankl	21
3	21
replacement	20
metabolize	20
trait	20
falciparum	20
derived	20
lungs	20
along	20
remain	20
ability	20
bacterial	20
infarction	20
quality	20
frequency	20
induce	20
conclusion	20
autophagy	20
risks	20
depression	20
negatively	20
five	20
cycling	20
sexual	20
healthy	20
citrullinated	20
recruitment	20
ineffective	20
cost	20
release	20
markedly	20
coronary	20
progenitor	20
hematopoietic	20
molecular	20
trimethylamine	20
red	20
stromal	20
tnf	20
procedures	20
cited	20
thrombosis	20
unknown	19
serious	19
despite	19
markers	19
strong	19
estimated	19
macrophage	19
versus	19
lipoprotein	19
synthesis	19
component	19
thermogenic	19
impairment	19
sustained	19
oxygen	19
event	19
insomnia	19
determine	19
microtubule	19
lysine	19
cortical	19
alcohol	19
six	19
treat	19
degree	19
beta	19
volume	19
insertion	19
indicating	18
efficacy	18
baseline	18
basophils	18
lupus	18
previous	18
attempt	18
relevance	18
test	18
indicator	18
microcytosis	18
demonstrated	18
efficiency	18
monotherapy	18
trial	18
alternative	18
generation	18
syndrome	18
gain	18
antimicrobial	18
prevent	18
integrated	18
efficient	18
enhancer	18
ratios	18
second	18
aberrant	18
demonstrates	18
structures	18
bat	18
traps	18
interactions	18
remission	18
fasting	18
cytokine	18
ten	18
culture	18
pylori	18
proper	18
thus	18
iron	18
ades	18
plaque	18
translation	18
traumatic	18
cd4	18
sle	17
ligand	17
extensive	17
stage	17
increasing	17
recent	17
defined	17
protects	17
individual	17
processes	17
would	17
negative	17
populations	17
various	17
mesenchymal	17
poorly	17
ambulatory	17
specificity	17
stress	17
phenotype	17
effectively	17
respiratory	17
postmenopausal	17
monoclonal	17
thereby	17
pathogenesis	17
traditional	17
generate	17
behavioral	17
national	17
v	17
microbial	17
pten	17
lifestyle	17
score	17
improvement	17
endothelial	17
minor	17
proximal	17
redox	17
rank	17
xenograft	17
ssb	17
taxation	17
10	17
journals	17
airway	17
femoropopliteal	17
doses	16
probability	16
environment	16
poor	16
predicted	16
history	16
included	16
strategy	16
detected	16
pulmonary	16
peptides	16
term	16
neuronal	16
maintain	16
possess	16
alirocumab	16
lp	16
change	16
circulatory	16
produce	16
days	16
selective	16
animal	16
toxic	16
weighed	16
length	16
activate	16
secondary	16
drosophila	16
beige	16
circadian	16
acids	16
lineages	16
chemokines	16
indirectly	16
sequence	16
shown	16
worsens	16
correlates	16
notch	16
dissemination	16
controlling	16
roles	16
synaptic	16
pollution	16
splicing	16
exacerbations	16
supplementation	16
adhd	16
remote	16
administration	16
aire	16
long	16
chance	16
following	16
partnerships	16
malarial	16
fracture	16
sildenafil	16
anticoagulants	16
school	16
professional	16
misconduct	16
guidance	16
traffic	16
format	16
hyperfibrinogenemia	16
deaths	15
metabolizers	15
alleles	15
ischemic	15
biomarkers	15
promoted	15
provided	15
accelerates	15
injury	15
targets	15
clearance	15
preventing	15
origin	15
apo	15
suggests	15
enhancement	15
criteria	15
peripheral	15
receiving	15
agents	15
accompanied	15
prolonged	15
consistently	15
phenotypes	15
marrow	15
process	15
unclear	15
benefit	15
predictive	15
lines	15
exhibit	15
externalized	15
abstinence	15
responsible	15
typhimurium	15
hemorrhage	15
specifically	15
dose	15
experience	15
proinflammatory	15
particulate	15
reactive	15
small	15
focal	15
invasion	15
occur	15
mrnas	15
granuloma	15
times	15
pharmacist	15
rounds	15
infectious	15
muscles	15
imaging	15
polymeal	15
camp	15
pregnant	15
immunosuppressive	15
india	15
london	15
4	15
congruent	15
th2	15
pathology	14
autoantibodies	14
enzyme	14
assess	14
natural	14
strongly	14
initiation	14
longer	14
central	14
led	14
affected	14
containing	14
dependent	14
available	14
remodeling	14
standard	14
lifetime	14
cold	14
animals	14
reported	14
opportunistic	14
together	14
amino	14
depends	14
hypothesis	14
neutralizing	14
metastatic	14
interference	14
independently	14
indicated	14
chromatin	14
ra	14
contributes	14
novel	14
clathrin	14
spindle	14
chromosome	14
treatments	14
features	14
chemotherapy	14
siv	14
mucosa	14
oxide	14
cerebral	14
hours	14
glycemic	14
region	14
producing	14
generated	14
icu	14
neural	14
mrna	14
uptake	14
relation	14
premature	14
chinese	14
importance	14
see	14
partnership	14
scnt	14
degradation	14
thymus	14
since	14
errors	14
comorbidities	14
colon	14
mafa	14
ubiquitination	14
ventilation	14
complications	14
anaemia	14
nutrition	14
training	14
gscs	14
beverages	14
fn	14
transfusion	14
samples	13
additional	13
programs	13
potentially	13
folic	13
given	13
promoting	13
enhancing	13
tyrosine	13
class	13
recurrence	13
influences	13
median	13
characteristics	13
sd	13
sma	13
genotype	13
require	13
plasmodium	13
alone	13
checkpoint	13
conserved	13
molecules	13
participate	13
adulthood	13
improvements	13
revealed	13
insufficiency	13
converting	13
incident	13
air	13
randomised	13
antibiotic	13
surveillance	13
broad	13
rejection	13
vulnerability	13
provides	13
distinct	13
banding	13
combining	13
blocking	13
link	13
persistent	13
tolerance	13
embryos	13
transient	13
timing	13
greatly	13
perform	13
lineage	13
find	13
fibroblasts	13
editing	13
effectiveness	13
external	13
represent	13
daily	13
interacts	13
step	13
carcinogenesis	13
episodes	13
acts	13
pda	13
differences	13
admission	13
prevention	13
testing	13
haart	13
black	13
microbiota	13
tmao	13
cerevisiae	13
carcinoma	13
organization	13
followed	13
crpc	13
placental	13
nonsteroidal	13
telomere	13
translates	13
erectile	13
students	13
acetate	13
lectin	13
12	13
entrainment	13
developed	12
ige	12
nephritis	12
erythematosus	12
worse	12
variation	12
fsh	12
prospective	12
hb	12
pooled	12
infectiveness	12
actual	12
structure	12
four	12
attenuated	12
rare	12
mammalian	12
clear	12
fork	12
home	12
diagnostic	12
superior	12
genetically	12
particles	12
collected	12
migraines	12
part	12
chain	12
assessment	12
enables	12
recall	12
complexes	12
copi	12
composition	12
inhibit	12
xenografts	12
identity	12
galliformes	12
transplanted	12
methods	12
necrosis	12
vesicles	12
strand	12
evaluations	12
crct	12
validity	12
residual	12
mek	12
systolic	12
immunodeficiency	12
nitric	12
laparoscopic	12
adjustable	12
intake	12
pronounced	12
reveal	12
excess	12
citizens	12
fine	12
expansion	12
scapular	12
stabilizer	12
colitis	12
glial	12
suppresses	12
crp	12
fibrinogen	12
derivatives	12
differentiate	12
panic	12
causal	12
myoepithelial	12
contain	12
reprogramming	12
tackling	12
challenge	12
occupancy	12
pneumonia	12
ascorbic	12
free	12
antinflammatory	12
wards	12
cin	12
facilitates	12
thyroid	12
responsiveness	12
design	12
noacs	12
careers	12
abilities	12
pdpn	12
desmond	12
pregnancies	12
attempting	12
strengthened	12
abnormal	11
organ	11
dosage	11
received	11
disorders	11
helper	11
accelerated	11
conceiving	11
prognosis	11
reverse	11
pathological	11
repair	11
mediate	11
raft	11
inhibited	11
niche	11
isolated	11
allogeneic	11
living	11
defect	11
clinic	11
diagnosing	11
might	11
duration	11
forms	11
antibiotics	11
seen	11
asymptomatic	11
present	11
fibroblast	11
downregulation	11
persons	11
end	11
sources	11
involving	11
approach	11
local	11
epidermal	11
oa	11
relevant	11
understanding	11
complete	11
differentiated	11
ligase	11
gastrointestinal	11
vasospasm	11
emergency	11
suppressed	11
affecting	11
numbers	11
mitochondria	11
oxidative	11
helicobacter	11
translocation	11
enhance	11
intracellular	11
layer	11
products	11
mobilization	11
encourages	11
pediatric	11
uses	11
admitted	11
matrix	11
resistant	11
solid	11
conducted	11
conformational	11
confounding	11
lymphoma	11
granules	11
rhythmic	11
surfaces	11
modulator	11
latent	11
raises	11
apoe4	11
6	11
asthma	11
leukoreduction	11
earlier	10
homocysteine	10
lymph	10
heterozygous	10
cohorts	10
vaccine	10
urinary	10
date	10
recruited	10
profile	10
microerythrocyte	10
anemia	10
thalassemia	10
larger	10
immunity	10
experiments	10
sequences	10
pluripotent	10
displayed	10
substantial	10
atm	10
signal	10
mutated	10
suppress	10
removal	10
morphology	10
trafficking	10
salmonella	10
circulating	10
constitutive	10
fractional	10
recipients	10
mscs	10
inaccurate	10
examined	10
sufficient	10
management	10
phase	10
successful	10
develops	10
spores	10
serotonin	10
reuptake	10
strata	10
measure	10
subsequent	10
peptide	10
diagnosed	10
punctures	10
protective	10
arrest	10
endogenous	10
donor	10
residues	10
patterns	10
lymphoid	10
several	10
marker	10
little	10
bile	10
prevalent	10
lesion	10
apparatus	10
nicotine	10
bupropion	10
member	10
platelet	10
practice	10
prescribed	10
cyclin	10
unstable	10
microtubules	10
outer	10
arterial	10
associations	10
inverse	10
simian	10
prevented	10
entry	10
forming	10
hi	10
bbb	10
force	10
overestimates	10
sickle	10
es	10
background	10
upregulation	10
contrast	10
triglycerides	10
restores	10
motility	10
bearing	10
hypertrophic	10
hydroxylation	10
epithelium	10
regeneration	10
expectancy	10
mirna	10
december	10
microglia	10
aura	10
regression	10
discontinued	10
triggering	10
ltp	10
functioning	10
deprived	10
handling	10
granule	10
pds	10
instability	10
intrinsic	10
appearance	10
multinodular	10
goitre	10
regenerative	10
correlation	10
ssri	10
displaced	10
nonpregnant	10
dcs	10
suicide	10
erythromycin	10
glutamine	10
tip	10
ppm1d	10
speech	10
cx3cl1	10
chenodeosycholic	10
patency	10
csf1r	10
coli	10
vitamins	9
disorder	9
src	9
lyn	9
molecule	9
retrospective	9
inhibitory	9
day	9
approximately	9
snps	9
swedish	9
highest	9
tau	9
neuron	9
degeneration	9
average	9
interventions	9
maintaining	9
alterations	9
epigenetic	9
performed	9
sequencing	9
suppression	9
activating	9
infiltration	9
integrity	9
reductions	9
consistent	9
strain	9
frequently	9
diagnosis	9
neither	9
raised	9
antidepressant	9
disability	9
clinically	9
occurred	9
thermogenesis	9
escs	9
angiotensin	9
strategies	9
anthracis	9
surface	9
evaluate	9
appear	9
graft	9
month	9
undergoing	9
fatty	9
compartments	9
defects	9
oncogenic	9
lumbar	9
site	9
noted	9
closely	9
characterized	9
biomarker	9
dehydrogenase	9
birds	9
cdca	9
turn	9
nets	9
skin	9
stabilizes	9
stages	9
capable	9
transcript	9
viruses	9
need	9
british	9
deactivates	9
wnt	9
described	9
directs	9
therefore	9
lethal	9
antigen	9
activator	9
blocked	9
primates	9
safety	9
completely	9
transmission	9
polymorphisms	9
cvd	9
hypercholesterolemia	9
toward	9
modulate	9
loop	9
fewer	9
kras	9
abundant	9
discharge	9
centers	9
slower	9
statistically	9
cytidine	9
pathogens	9
obstructive	9
developmental	9
substrates	9
deacetylase	9
stimulated	9
programme	9
nucleosome	9
remained	9
mellitus	9
west	9
castration	9
adrenals	9
newly	9
identical	9
noninvasive	9
zebrafish	9
hypersensitivity	9
ward	9
significance	9
sensitive	9
breaks	9
satellite	9
ich	9
oxford	9
tax	9
cytoskeleton	9
nemo	9
cytomegalovirus	9
surrounding	9
macrolides	9
spike	9
pkcζ	9
aml	9
5	9
august	9
t6ss	9
2012	9
prp	8
participating	8
especially	8
mhc	8
community	8
white	8
hypospadias	8
nucleotide	8
apoe	8
product	8
seven	8
mathematical	8
vary	8
phosphorylates	8
radiation	8
apoptotic	8
necrotic	8
fusion	8
bacteria	8
restriction	8
seeded	8
indicates	8
identifying	8
defective	8
injection	8
immunologic	8
fraction	8
termination	8
largely	8
around	8
yielded	8
possibly	8
involvement	8
intensity	8
consisting	8
obtained	8
commonly	8
activities	8
plus	8
skeletal	8
plasmablast	8
continuous	8
remains	8
attributable	8
rnas	8
heterogeneity	8
modified	8
comparing	8
research	8
exposures	8
order	8
localization	8
wt	8
bound	8
providing	8
spontaneous	8
highlight	8
robust	8
stimulate	8
modeling	8
occurring	8
investigate	8
action	8
weak	8
detecting	8
implicated	8
disrupt	8
pathogenic	8
chromosomes	8
transfer	8
cbt	8
zopiclone	8
sleep	8
much	8
registration	8
transcriptome	8
whole	8
attachments	8
switch	8
proposed	8
diastolic	8
strongest	8
localized	8
rhesus	8
artery	8
completed	8
reliable	8
sorting	8
patent	8
ductus	8
ateriosus	8
ectopic	8
severely	8
elicited	8
nonhuman	8
fever	8
mosquitos	8
disruption	8
agrp	8
hypoglycemia	8
basal	8
altered	8
systematic	8
members	8
hsc	8
context	8
metastases	8
hgps	8
point	8
angiogenesis	8
biochemical	8
partner	8
onset	8
restored	8
invasive	8
profiles	8
subcutaneous	8
potent	8
declined	8
ordering	8
pharmacists	8
rounding	8
teams	8
full	8
measured	8
locomotor	8
alzheimers	8
convert	8
social	8
processing	8
tumorigenesis	8
nucleus	8
screen	8
marked	8
nucleosomes	8
lo	8
subpopulations	8
register	8
ntp	8
slowed	8
cord	8
propagation	8
nevirapine	8
fetal	8
rodents	8
triggered	8
trends	8
vegans	8
vegetarians	8
omnivores	8
publication	8
srf	8
smokers	8
attendance	8
channels	8
sensors	8
pioneer	8
assembly	8
examinations	8
bir	8
inducer	8
maturation	8
radioiodine	8
phosphotransfer	8
alters	8
healthcare	8
mesodermal	8
ard	8
aor	8
humerus	8
occurrence	8
beats	8
burst	8
eye	8
ied	8
microdomains	8
rip	8
antiviral	8
deamination	8
noncoding	8
semaglutide	8
parous	8
harming	8
pyloric	8
stenosis	8
tirasemtiv	8
named	8
sparsely	8
populated	8
attempts	8
epidural	8
tube	8
apkcz	8
adar1	8
52	8
αvβ8	8
grafts	8
primarily	8
ly6c	8
nile	8
vascular	7
advanced	7
countries	7
middle	7
last	7
area	7
haematological	7
parasite	7
neonatal	7
considerable	7
parents	7
systems	7
fibrotic	7
understood	7
aβ	7
decline	7
course	7
modest	7
serves	7
rapidly	7
undergo	7
alveolar	7
adaptive	7
decreasing	7
lowering	7
peak	7
late	7
firing	7
okazaki	7
fragments	7
mm	7
measurements	7
made	7
save	7
temperature	7
needed	7
ace	7
arf	7
vision	7
faster	7
egfr	7
protected	7
mapping	7
recombination	7
csf	7
accurately	7
estimates	7
recorded	7
deviation	7
toxicity	7
useful	7
dynamic	7
limited	7
autoimmunity	7
rnai	7
involves	7
mtor	7
chimaeras	7
considered	7
fail	7
netosis	7
autoantigens	7
allowing	7
rheumatoid	7
aid	7
fiber	7
heavy	7
beneficial	7
contains	7
commelina	7
mottle	7
physiologically	7
gprd	7
reflect	7
prescribing	7
destruction	7
pol	7
promoter	7
achieve	7
abdominal	7
aortic	7
aneurysm	7
macaques	7
mucosal	7
impairs	7
bmi	7
third	7
hypervariable	7
classical	7
tested	7
represents	7
mtdna	7
include	7
gaba	7
recognition	7
never	7
periods	7
distance	7
estrogen	7
adiponectin	7
suppressing	7
organisms	7
biology	7
ros	7
rotator	7
cuff	7
stability	7
lmna	7
stroma	7
vaginal	7
summary	7
stratified	7
atp	7
continued	7
proliferate	7
proliferative	7
recombinant	7
representative	7
silencing	7
sting	7
tb	7
avoid	7
pluripotency	7
transition	7
epiblast	7
subset	7
claims	7
hospice	7
physicians	7
unit	7
repairs	7
usual	7
podocytes	7
integrin	7
lipogenesis	7
anticancer	7
parasites	7
aggressive	7
monocytic	7
bmp	7
eczema	7
positioning	7
neuromuscular	7
fibers	7
affects	7
exclusively	7
tcr	7
properties	7
incapable	7
repertoire	7
genotypes	7
natriuretic	7
underlying	7
transduction	7
matched	7
future	7
presynaptic	7
deprivation	7
rectal	7
cumulative	7
peroxynitrite	7
ever	7
case	7
benefits	7
ribosome	7
repeat	7
recovery	7
dsb	7
deregulated	7
help	7
oncogenes	7
gluconeogenesis	7
nonteaching	7
sarcopenia	7
oacs	7
bundles	7
sliding	7
moderate	7
normotensive	7
synapse	7
gsc	7
rearranges	7
optimized	7
crohn	7
failed	7
srs	7
p53	7
difficile	7
microbiome	7
diversity	7
histones	7
objective	7
vein	7
ly49q	7
a20	7
myelogenous	7
gcs	7
participation	6
united	6
receive	6
nodes	6
histocompatibility	6
leukocyte	6
autoantibody	6
amh	6
fertility	6
utility	6
antimüllerian	6
utero	6
variant	6
selected	6
bias	6
confer	6
majority	6
poorer	6
facilitate	6
myofibroblasts	6
deficient	6
start	6
south	6
phosphatase	6
polarized	6
movement	6
modulating	6
subsequently	6
become	6
inflammasome	6
interleukin	6
components	6
fcr	6
identifier	6
msc	6
hg	6
correlate	6
costs	6
medication	6
sodium	6
anthrax	6
units	6
reviewed	6
excessive	6
medicine	6
categories	6
self	6
orphan	6
center	6
encodes	6
differential	6
fluid	6
particular	6
interacting	6
trend	6
menopausal	6
estimate	6
paternal	6
diethylstilbestrol	6
january	6
retained	6
compromised	6
envelope	6
exhaustion	6
initiates	6
reprogrammed	6
coatmer	6
glycolysis	6
adipocytes	6
mammary	6
electrical	6
gynandromorph	6
avian	6
inherent	6
perturbations	6
boundaries	6
esc	6
charcoal	6
poisoning	6
shows	6
chenodeoxycholic	6
contribution	6
net	6
arthritis	6
perpetuate	6
rescued	6
yeast	6
differ	6
yellow	6
comymv	6
typical	6
consists	6
structural	6
rct	6
nsaids	6
cytochrome	6
intermembrane	6
space	6
deltex	6
cleavage	6
recently	6
myosin	6
precise	6
downstream	6
encoded	6
variable	6
efficiently	6
comparable	6
eilat	6
eilv	6
often	6
iics	6
progerin	6
lamin	6
review	6
matter	6
vessels	6
diverse	6
limit	6
mdscs	6
percentage	6
university	6
aberrations	6
corrected	6
still	6
breakdown	6
starting	6
outpatient	6
contributed	6
fructose	6
helminths	6
interfere	6
coinfections	6
burden	6
frequent	6
meat	6
produces	6
immunodeficient	6
maintained	6
progeny	6
line	6
hypocretin	6
biomedical	6
microscopy	6
haplogroup	6
situ	6
preventable	6
tsa	6
deficits	6
deacetylases	6
cholangiocytic	6
scar	6
fak	6
trigger	6
glycaemic	6
represses	6
keratinocytes	6
nervous	6
determinant	6
atopic	6
clusters	6
drives	6
cone	6
overexpression	6
therapeutics	6
mvp	6
vault	6
suppressive	6
evs	6
mirnas	6
rimonabant	6
unwanted	6
cochrane	6
fluoropyrimidines	6
communication	6
ischaemic	6
emergence	6
homologous	6
database	6
selection	6
protect	6
released	6
aspirin	6
indications	6
mapk	6
progress	6
completion	6
corresponding	6
osteocytes	6
amounts	6
terminals	6
fifth	6
vulnerable	6
stimulation	6
lncrnas	6
addition	6
round	6
done	6
propriospinal	6
circuits	6
fragility	6
telomeres	6
telomeric	6
dsbs	6
αβ	6
detc	6
cooperation	6
successfully	6
establish	6
ml	6
half	6
rapamycin	6
residue	6
ncps	6
ribosomopathies	6
risedronate	6
sumo	6
stiff	6
commit	6
dalys	6
suboptimal	6
illness	6
promotion	6
caloric	6
beliefs	6
primordial	6
specification	6
carbon	6
uridine	6
minus	6
extent	6
miscarriage	6
placentas	6
inmates	6
variables	6
nationwide	6
reg	6
redirections	6
catheterisations	6
varying	6
vgrg	6
vaginosis	6
caesarean	6
section	6
street	6
hyde	6
park	6
forced	6
cardiopulmonary	6
csmac	6
replicated	6
16	6
dicer	6
aldh1	6
speaker	6
7	6
40	6
premenopausal	6
smooth	6
allergen	6
passeriformes	6
phosphatidylinositide	6
bolus	6
gapdh	6
14	6
leuekmogenesis	6
nfat4	6
inner	6
tspan3	6
causative	6
amyloidosis	6
vi	6
appendix	5
positivity	5
survey	5
almost	5
value	5
impedes	5
parameters	5
approaches	5
maximum	5
race	5
trying	5
conceive	5
obese	5
sample	5
fall	5
biologically	5
regulators	5
morbidity	5
discovery	5
series	5
phage	5
account	5
display	5
biogenesis	5
implicate	5
pathologic	5
facilitating	5
evaluating	5
widely	5
regarding	5
initiate	5
activates	5
hallmark	5
pivotal	5
switching	5
spatiotemporal	5
dispensable	5
fundamental	5
yet	5
peritoneal	5
advantage	5
conditional	5
basis	5
evaluation	5
phenomenon	5
taken	5
eligible	5
ages	5
measurement	5
clearly	5
initial	5
tricyclic	5
endpoint	5
ao	5
haploid	5
agent	5
derivation	5
enabled	5
restricted	5
predict	5
office	5
evaluated	5
attacks	5
formed	5
public	5
worldwide	5
method	5
owing	5
cultures	5
ernas	5
parental	5
woman	5
record	5
participant	5
functionally	5
cooperate	5
relate	5
instead	5
driving	5
selectively	5
initially	5
distal	5
expressing	5
contributing	5
naturally	5
tightly	5
pharmacological	5
domains	5
loading	5
vsmcs	5
synovial	5
triggers	5
antigens	5
unique	5
varies	5
kd	5
interest	5
agonists	5
fruit	5
alzheimer	5
rather	5
prices	5
hospitalizations	5
observational	5
cytosol	5
generates	5
serve	5
dual	5
ubiquitin	5
tract	5
monkeys	5
right	5
primate	5
tonsillectomy	5
ponv	5
enrolled	5
skewed	5
impair	5
immunoglobulin	5
splice	5
hla	5
arr	5
absolute	5
paired	5
esrrb	5
neurotransmitter	5
mediator	5
influenza	5
optimal	5
menopause	5
parkinson	5
hydroxylase	5
modification	5
regardless	5
example	5
noncarriers	5
adjusting	5
attenuation	5
igg	5
reversible	5
astrocytes	5
recurrent	5
gpcr	5
rhoa	5
integrins	5
milder	5
teratomas	5
orx	5
rats	5
centre	5
physically	5
ones	5
states	5
ductal	5
fallen	5
changed	5
alter	5
team	5
conversion	5
registered	5
preferentially	5
causing	5
eventual	5
fa	5
scale	5
transmembrane	5
binds	5
modulates	5
hypothalamus	5
inducible	5
locus	5
crosstalk	5
sensitization	5
akt	5
regular	5
mutants	5
synthase	5
confers	5
reponse	5
exacerbated	5
eam	5
microcin	5
twofold	5
doctors	5
work	5
unrecognized	5
myelin	5
expected	5
framingham	5
temporal	5
squamous	5
hodgkin	5
presented	5
hspc	5
nociceptor	5
nociceptors	5
potentiation	5
homozygosity	5
partners	5
posttranscriptional	5
papillomavirus	5
reorganization	5
midas	5
medulla	5
reciprocal	5
temporally	5
follow	5
codons	5
drive	5
demethylases	5
creb	5
vertebral	5
randomly	5
contact	5
academic	5
mesoderm	5
difficulties	5
graduated	5
van	5
gogh	5
specialized	5
media	5
nn	5
neurovascular	5
ligands	5
inactivating	5
fact	5
subpopulation	5
indian	5
uterine	5
ddrb	5
paneth	5
transplants	5
niches	5
hcmv	5
signature	5
differs	5
cortex	5
effectors	5
whose	5
rises	5
irr	5
approval	5
statins	5
links	5
troponin	5
signatures	5
antitumor	5
nanoparticles	5
report	5
parathyroid	5
wbrt	5
phgdh	5
microrna	5
genomes	5
project	5
penetrance	5
interpretation	5
50	5
24	5
clostridium	5
declines	5
cr	5
aerobic	5
vasodilating	5
ilcs	5
degraded	5
irg1	5
neurotropic	5
universal	5
deep	5
nr5a2	5
runx1	5
il2ra	5
antibacterial	5
escherichia	5
carries	5
mtorc2	5
ckd	4
income	4
mild	4
autoreactive	4
absent	4
metabolites	4
price	4
decisions	4
country	4
vaccines	4
mg	4
folate	4
hormonal	4
contraceptive	4
tests	4
north	4
overweight	4
studying	4
european	4
locations	4
spacers	4
subtypes	4
carcinomas	4
immunostaining	4
malignant	4
application	4
ipf	4
metformin	4
organs	4
introduction	4
complexity	4
varied	4
elimination	4
investigated	4
amount	4
coordinating	4
gliomas	4
hyperactive	4
isoforms	4
identification	4
homolog	4
viable	4
caenorhabditis	4
elegans	4
evolution	4
rafts	4
kinases	4
according	4
listeria	4
pyroptosis	4
replenishment	4
evident	4
discuss	4
monocyte	4
compartment	4
called	4
aggravated	4
greatest	4
origins	4
alteration	4
aspects	4
initiated	4
thresholds	4
appropriate	4
reading	4
modestly	4
hundred	4
episodic	4
pl	4
truncated	4
core	4
traits	4
androgenetic	4
manipulated	4
usually	4
flow	4
progressive	4
compounds	4
monitors	4
reaerosolized	4
dispersed	4
usage	4
kingdom	4
food	4
acquired	4
cni	4
recovered	4
showing	4
transplant	4
cnis	4
consequently	4
extrafollicular	4
go	4
though	4
spatially	4
gc	4
fully	4
follicles	4
bp	4
brca	4
located	4
meningitis	4
cerebrospinal	4
records	4
increment	4
linear	4
confounded	4
heavier	4
weights	4
ors	4
february	4
twin	4
propose	4
bind	4
broadly	4
soluble	4
random	4
malignancies	4
ablation	4
accumulate	4
droplet	4
adipocyte	4
stimulates	4
stimulating	4
conduction	4
node	4
appears	4
clocks	4
nih	4
pq	4
paraquat	4
smcs	4
plaques	4
smc	4
acpa	4
synthetic	4
connection	4
observations	4
stabilization	4
pretreatment	4
spent	4
suggested	4
assessed	4
baise	4
pairs	4
platelets	4
modulation	4
fruits	4
ipscderived	4
upper	4
nsaid	4
requirement	4
al	4
enable	4
pcr	4
surgically	4
angina	4
dbp	4
ileal	4
infusion	4
delayed	4
endometrium	4
diabetic	4
hospitalization	4
mammals	4
gland	4
supracellular	4
actomyosin	4
wing	4
imaginal	4
discs	4
pathogen	4
snp	4
preterm	4
nanog	4
combinations	4
mosquito	4
monitored	4
structurally	4
spines	4
diet	4
prospectively	4
pd	4
rating	4
supporting	4
lowest	4
sterol	4
partially	4
reverses	4
forkhead	4
enriched	4
subacromial	4
twice	4
biological	4
mast	4
permeability	4
clonal	4
childhood	4
elements	4
progeria	4
progerinonly	4
clinics	4
switzerland	4
mtb	4
simultaneously	4
corticosteroids	4
concurrently	4
intact	4
embryoid	4
bodies	4
retain	4
kb	4
undifferentiated	4
antagonists	4
blocks	4
neurones	4
panicprone	4
gluconeogenic	4
whereby	4
every	4
inherited	4
foundation	4
segregated	4
rnase	4
hypersensitive	4
episcs	4
melanoma	4
adolescents	4
assigned	4
emigrants	4
intestine	4
nonuse	4
scd	4
gains	4
urban	4
tubulin	4
acetylase	4
trichostatin	4
behavior	4
hepatocytic	4
scarring	4
thought	4
inside	4
reproduce	4
asexually	4
top	4
ir	4
circuitry	4
mobility	4
household	4
intramembrane	4
machinery	4
mainly	4
sensitizes	4
catalyzes	4
supresses	4
channel	4
tubular	4
respond	4
exacerbation	4
hypoadiponectinemia	4
lifespan	4
unadjusted	4
polyunsaturated	4
micals	4
dramatically	4
disassembly	4
coavtivator	4
exosomal	4
exosomes	4
nongametocytocidal	4
orlistat	4
sibutramine	4
updated	4
medline	4
embase	4
gender	4
chikv	4
diets	4
rnap	4
nucleoside	4
triphosphate	4
cns	4
eukaryotic	4
minutes	4
raise	4
coding	4
sheaths	4
zidovudine	4
corpus	4
luteum	4
embryo	4
decidualization	4
establishing	4
mpo	4
nonhypertensive	4
old	4
niv	4
intensive	4
investigation	4
governing	4
mycobacterium	4
preceding	4
oat	4
ingestion	4
unpublished	4
comprises	4
recordings	4
participated	4
indices	4
nitration	4
pmhc	4
makes	4
extended	4
predicting	4
causality	4
examine	4
documented	4
purification	4
allowed	4
synthesized	4
nascent	4
spliceosomal	4
unassociated	4
referral	4
proportion	4
diagnoses	4
generally	4
atypical	4
lsil	4
reviews	4
triage	4
r	4
interneurons	4
plastic	4
integral	4
attributed	4
restore	4
pseudogene	4
quadruplex	4
saccharomyces	4
thymocytes	4
hosts	4
downregulated	4
attractive	4
adjacent	4
chea	4
haplotype	4
ribosomal	4
yeasts	4
repressing	4
retinoic	4
gamma	4
rorγ	4
element	4
overexpressed	4
rp	4
reveals	4
cut	4
risen	4
validated	4
sri	4
engagment	4
remolding	4
born	4
splenomegaly	4
lymphadenopathy	4
knockin	4
degrading	4
antiplatelet	4
largest	4
surfactin	4
exopolymer	4
pih	4
baroreflex	4
pressor	4
short	4
mature	4
vessel	4
percent	4
migrate	4
deinococcus	4
radiodurans	4
waiting	4
donation	4
accuracy	4
radiographic	4
verified	4
predictions	4
source	4
otherwise	4
ross	4
leukaemia	4
leukemias	4
ecm	4
earliest	4
originally	4
births	4
pubertal	4
spurt	4
residents	4
incidents	4
caseum	4
relationships	4
ihps	4
administered	4
exposed	4
strength	4
aureus	4
overcrowding	4
subtle	4
procedure	4
nine	4
emerge	4
dynein	4
vital	4
ultrafine	4
radiotherapy	4
ulcerative	4
feedback	4
existence	4
easily	4
vcjd	4
cleave	4
converts	4
e4	4
alphabeta	4
segregate	4
ex	4
citation	4
invadopodia	4
audiovisual	4
furthermore	4
none	4
53	4
8	4
chek2	4
drift	4
endothelium	4
reagents	4
perceived	4
arterioles	4
lcx	4
sed	4
occlusion	4
26	4
15	4
iv	4
preparations	4
appreciably	4
fitness	4
90	4
1000	4
finland	4
posttransfusion	4
macropinocytosis	4
svct2	4
n348i	4
inadequate	4
siblings	4
familial	4
ribosomes	4
incrnas	4
tnfaip3	4
400mg	4
helps	4
tead	4
tmem27	4
cyp2d6	4
transmurality	4
gadolinium	4
mri	4
compression	4
stockings	4
immobile	4
ucb	4
wnv	4
xct	4
requiring	3
methadone	3
base	3
relapse	3
homing	3
iges	3
amplify	3
nonfunctional	3
genotyped	3
classified	3
adjuvant	3
gavi	3
eligibility	3
adoption	3
creatinine	3
inhibin	3
x	3
cutoff	3
dgkk	3
dutch	3
crispr	3
activators	3
gabaergic	3
africa	3
adherence	3
explained	3
ser	3
ionizing	3
encode	3
kills	3
swift	3
directional	3
kupffer	3
splenic	3
bear	3
originate	3
steady	3
il	3
pr	3
fcrs	3
apob	3
saes	3
ef	3
reference	3
overdiagnosis	3
particularly	3
terms	3
lipolysis	3
quickly	3
physiological	3
oocytes	3
chf	3
preventive	3
exist	3
permit	3
shortly	3
stationary	3
respirable	3
micro	3
bacillus	3
terrorist	3
difficult	3
standardised	3
minimum	3
began	3
reports	3
feed	3
emerged	3
simple	3
problems	3
proportions	3
oxidation	3
browning	3
master	3
elucidated	3
leukemic	3
formally	3
validating	3
rational	3
antagonizes	3
uncertain	3
perhaps	3
candidate	3
blm	3
likelihood	3
lr	3
depressive	3
supports	3
postoperatively	3
mo	3
reflective	3
transgenic	3
accumulating	3
phospholipids	3
insight	3
synergistically	3
resembling	3
car	3
tonic	3
mimic	3
highlighting	3
secreted	3
acquire	3
phosphatidylinositol	3
atgl	3
dynamically	3
expends	3
tricarboxylic	3
pyruvate	3
sink	3
colony	3
head	3
neck	3
refractory	3
knowledge	3
overcome	3
atrioventricular	3
cardiomyocytes	3
congenital	3
genuine	3
testis	3
substantively	3
lateral	3
chickens	3
excluded	3
gonadal	3
oscillators	3
wide	3
coordinated	3
rearrangements	3
position	3
kinetics	3
iodothyronine	3
deiodinase	3
transitions	3
stop	3
consequences	3
joint	3
fibres	3
mitotic	3
kinetochore	3
kmn	3
peaks	3
segregation	3
blinded	3
transcribed	3
frames	3
variety	3
comparative	3
differentially	3
promise	3
coxibs	3
inform	3
ranging	3
intermittent	3
typically	3
rcts	3
tables	3
error	3
correction	3
momp	3
transferred	3
blbc	3
putative	3
barrier	3
depleted	3
blunted	3
loops	3
arm	3
glycated	3
hemoglobin	3
predicts	3
stabilizing	3
implementation	3
subunit	3
mediating	3
prr	3
necrotizing	3
enterocolitis	3
bronchopulmonary	3
dysplasia	3
lymphocytes	3
elicits	3
preclinical	3
inclusion	3
prediction	3
limitations	3
hyperphagia	3
establishes	3
nmdars	3
pomc	3
glutamatergic	3
input	3
onto	3
determining	3
transporters	3
leptin	3
offspring	3
mothers	3
cognate	3
height	3
scarce	3
describe	3
mimicked	3
th	3
mother	3
zero	3
intervals	3
quantify	3
regularly	3
past	3
diameter	3
covariates	3
statistical	3
institute	3
neurological	3
shorter	3
neointima	3
obvious	3
longevity	3
repressors	3
repopulating	3
department	3
orthopaedics	3
scapula	3
stabilisers	3
impingement	3
western	3
modifications	3
concomitant	3
seizure	3
waves	3
seizures	3
guinea	3
multiforme	3
gbm	3
homeostatic	3
canonical	3
guanine	3
exchange	3
gefs	3
predictor	3
article	3
explore	3
visits	3
similarly	3
volunteers	3
deaminase	3
iκb	3
exhibited	3
load	3
tma	3
choline	3
differentiating	3
technology	3
blastocysts	3
indefinitely	3
glucagon	3
predominantly	3
upregulating	3
copy	3
expanded	3
duodenal	3
celiac	3
transglutaminase	3
enzymatic	3
geographically	3
confocal	3
oer	3
undefined	3
hedgehog	3
mitigate	3
em	3
users	3
corresponds	3
younger	3
accepted	3
essentially	3
unchanged	3
latter	3
deteriorated	3
subjective	3
cognition	3
ihepscs	3
engineering	3
urokinase	3
foot	3
effacement	3
proteinuria	3
chemokine	3
collectively	3
biosynthesis	3
deactivating	3
antimalarial	3
abolished	3
appetite	3
ventral	3
tegmental	3
sheehan	3
disabilities	3
ncc	3
colocalizes	3
peptidase	3
orientation	3
exists	3
posttranslational	3
heterogeneous	3
paraventricular	3
discrete	3
translational	3
constitute	3
pleiotropic	3
abrogated	3
elusive	3
safe	3
allergic	3
lcpufa	3
australia	3
unprecedented	3
left	3
shift	3
engineered	3
absorption	3
filaments	3
disorganized	3
designed	3
abnormally	3
structured	3
discovered	3
architecture	3
spreading	3
sequential	3
coactivator	3
superfamily	3
basic	3
differing	3
lowered	3
productive	3
arise	3
feeding	3
hundreds	3
acting	3
misunderstandings	3
east	3
intermediary	3
fission	3
organelles	3
histology	3
simply	3
axons	3
dense	3
efavirenz	3
potentiated	3
rt	3
condition	3
cytoplasm	3
amplifying	3
vertebrate	3
survivors	3
logistic	3
near	3
hierarchical	3
transformation	3
homeobox	3
mycobacterial	3
appeared	3
bowel	3
epitope	3
hspcs	3
apart	3
presynaptically	3
messenger	3
light	3
stopped	3
anterior	3
ino	3
recipient	3
matching	3
portion	3
merit	3
proved	3
protocol	3
definition	3
assuming	3
place	3
pap	3
retrieved	3
elsewhere	3
hrhpv	3
detects	3
undetermined	3
hybrid	3
relay	3
connections	3
descending	3
exert	3
compound	3
barriers	3
forks	3
alt	3
clustering	3
jointly	3
directed	3
invariant	3
rearrangement	3
γδ	3
embryogenesis	3
postnatal	3
microenvironment	3
nik	3
ikappab	3
ikkbeta	3
intrathymic	3
motif	3
substitution	3
interquartile	3
extension	3
moiety	3
destabilization	3
tregs	3
ivf	3
blastocyst	3
cloning	3
sensitized	3
overt	3
ar	3
modulated	3
antihypertensive	3
pubmed	3
attack	3
indication	3
gmc	3
ambient	3
nonsurgical	3
humeral	3
sympathoexcitation	3
dissociation	3
took	3
seem	3
variability	3
engagement	3
tcralphabeta	3
hairpin	3
shrna	3
k	3
supplements	3
anticipated	3
accordance	3
rural	3
protrusions	3
ibd	3
postimplantation	3
kpd	3
hypermutation	3
inactivate	3
characteristic	3
phases	3
carriage	3
tnfα	3
polymorphism	3
policy	3
forearm	3
loci	3
diresidue	3
rvd	3
like	3
tal	3
specifies	3
subgroup	3
adenocarcinoma	3
hur	3
staphylococcus	3
asian	3
insertions	3
cfdna	3
vaccinating	3
paar	3
tssl	3
membranes	3
pth	3
expiratory	3
fvc	3
pwv	3
augmentation	3
mcm	3
u	3
decoding	3
nnr	3
eukaryotes	3
sirnas	3
opening	3
recognized	3
importantly	3
sensor	3
45	3
25	3
immediately	3
moreover	3
publishing	3
p2	3
podosome	3
nonreceptor	3
saying	3
counteract	3
twins	3
drink	3
d2	3
tgr5	3
relaxation	3
lad	3
100	3
7489	3
demonstrating	3
dramatic	3
apobec3g	3
catastrophic	3
treg	3
57	3
85	3
39	3
foxo3a	3
comprehensive	3
apolipoproteins	3
table	3
transducing	3
isgs	3
ifi27	3
rsad2	3
viperin	3
lrrk2	3
gemcitabine	3
shared	3
2004	3
supply	3
titers	3
mbd1	3
additionally	3
insp3	3
adoptees	3
suspected	3
whites	3
lincrnas	3
cin2	3
ptenp1	3
ctcf	3
anchor	3
t1d	3
h2a	3
transnitrosylates	3
plasticity	3
20	3
31	3
mda5	3
750	3
cleaved	3
rs647161	3
2008	3
lge	3
transmural	3
attr	3
kip3	3
bipolar	3
learning	3
cd8	3
pcna	3
ubc13	3
polyubiquitin	3
1966	3
cysteine	3
archived	2
departments	2
discontinuation	2
discontinue	2
sharing	2
address	2
consideration	2
german	2
endoxifen	2
presents	2
adopt	2
alliance	2
indictivate	2
hub	2
neighboring	2
consider	2
dosages	2
march	2
carolina	2
urine	2
genotyping	2
descent	2
reproducible	2
derive	2
replicate	2
tool	2
normalization	2
therapeutically	2
resolution	2
deactivation	2
idiopathic	2
metabolically	2
drops	2
projected	2
counterfactual	2
scenario	2
parameter	2
choices	2
theoretical	2
next	2
decades	2
expanding	2
averted	2
projections	2
protecting	2
precedes	2
mutually	2
exclusive	2
bsg	2
truncating	2
exon	2
bsgs	2
brainstem	2
already	2
cytotoxic	2
stimuli	2
infiltrate	2
lysosomes	2
phagosomes	2
legionella	2
francisella	2
pneumophila	2
tools	2
distributed	2
defense	2
msu	2
cppd	2
engage	2
deposition	2
ultracentrifugally	2
characterizing	2
idl	2
prs	2
ventricular	2
eed	2
sphericity	2
icm	2
assessments	2
walk	2
questionnaire	2
lv	2
volumes	2
rely	2
zones	2
exact	2
influenced	2
lifelong	2
accurate	2
analgesic	2
scores	2
syndromes	2
confirm	2
pattern	2
variance	2
respect	2
secrete	2
catecholamines	2
mii	2
fertile	2
haescs	2
rbf	2
excretion	2
hyperkalemia	2
pathophysiological	2
fashion	2
ill	2
hemodynamic	2
dispose	2
deadly	2
decontaminated	2
airborne	2
tricyclics	2
extraction	2
solution	2
w	2
arning	2
signs	2
chinks	2
armour	2
century	2
signalled	2
dangers	2
inappropriate	2
overuse	2
antimicrobials	2
culprit	2
answer	2
justified	2
assessing	2
calcineurin	2
challenging	2
wat	2
uncharacterized	2
dimension	2
follicular	2
germinal	2
guide	2
responding	2
helicases	2
helicase	2
preoperative	2
seeking	2
binge	2
eating	2
tend	2
nearby	2
prenatal	2
inconsistent	2
issue	2
prematurity	2
abolishes	2
bioenergetics	2
expand	2
bnab	2
affinity	2
upstream	2
works	2
dephosphorylated	2
costimulation	2
functionality	2
itk	2
block	2
null	2
lymphocyte	2
fatal	2
limiting	2
storage	2
simultaneous	2
uncovers	2
noncanonical	2
reticulum	2
ryanodine	2
genomics	2
syngeneic	2
dictates	2
mdsc	2
granulocyte	2
eventually	2
connexin	2
delay	2
chicken	2
gonad	2
sexually	2
indifferent	2
thousands	2
dividing	2
tick	2
divisions	2
reporter	2
promoters	2
remarkably	2
hemoperfusion	2
avoiding	2
chlamydia	2
trachomatis	2
underestimated	2
tracing	2
vimentin	2
potently	2
augmented	2
osteoarthritis	2
substrate	2
congression	2
metaphase	2
continuously	2
driven	2
awake	2
night	2
reatment	2
badnavirus	2
orfs	2
circular	2
succinate	2
pressing	2
calendar	2
probabilities	2
vigor	2
lacked	2
policies	2
gi	2
coxib	2
prometaphase	2
stabilized	2
kinetochores	2
ensure	2
faithful	2
proceeds	2
permeabilization	2
emerging	2
view	2
et	2
dampened	2
nac	2
erk	2
synergized	2
endocytic	2
bridging	2
monoubiquitinated	2
submembrane	2
impairing	2
ligated	2
dominated	2
axis	2
subarachnoid	2
placed	2
nitrite	2
harbouring	2
precancerous	2
deregulation	2
dependently	2
congestive	2
haematopoietic	2
nutritional	2
wingless	2
zone	2
compartmentalization	2
alternatively	2
gambiae	2
associate	2
epistatic	2
ankylosing	2
spondylitis	2
extremely	2
echocardiography	2
screened	2
applicable	2
transducer	2
batf	2
viremia	2
telemetrically	2
native	2
inactivated	2
dying	2
roci	2
reversed	2
pvh	2
mediates	2
vmh	2
vesicular	2
neurotransmitters	2
ultimately	2
damages	2
menarche	2
parity	2
breastfeeding	2
apply	2
senescence	2
adding	2
dopamine	2
dendrite	2
enlarged	2
critically	2
healthier	2
adiposity	2
nonexposure	2
spousal	2
vegetable	2
nonsmoking	2
nondrinking	2
ongoing	2
smoked	2
drank	2
averaging	2
distant	2
μm	2
exogenous	2
quartile	2
manual	2
revised	2
edition	2
quartiles	2
foxo	2
participates	2
physiologic	2
implications	2
foxos	2
spectrum	2
way	2
organismal	2
tipping	2
away	2
restrict	2
quiescence	2
property	2
pool	2
lin	2
quiescent	2
comparison	2
focusing	2
strengthening	2
eccentric	2
sessions	2
preservation	2
realistic	2
eliminated	2
cryptic	2
distribution	2
ictal	2
discharges	2
sustain	2
cko	2
endothelia	2
microvascular	2
cerebrovascular	2
adaptation	2
tensional	2
forces	2
feature	2
hypermethylation	2
editors	2
swiss	2
concurrent	2
prediabetes	2
comparisons	2
african	2
americans	2
jhs	2
scheduled	2
laboratory	2
magnetic	2
resonance	2
mutagenesis	2
nb	2
heightened	2
cecal	2
carnitine	2
actively	2
telomerase	2
karyotypes	2
lengths	2
somewhat	2
possibility	2
imprinting	2
rat	2
hcrt	2
pepck	2
programmed	2
hyperimmune	2
iga	2
catalysts	2
woscops	2
iii	2
ortholog	2
exosome	2
exonucleases	2
degradative	2
ribonucleolytic	2
starvation	2
autocrine	2
primed	2
conformation	2
luminal	2
intricate	2
tgfbeta	2
reinvigorates	2
exhausted	2
blockade	2
preliminary	2
carvedilol	2
symptomatic	2
predominance	2
unexplored	2
injections	2
tenofovir	2
rectally	2
transmitted	2
prep	2
person	2
mi	2
concerns	2
interviewed	2
experienced	2
contrasting	2
recommendations	2
postprandial	2
http	2
lipoproteins	2
exacerbates	2
associates	2
deacetylated	2
rescues	2
hypothesized	2
stably	2
bidirectional	2
bipotential	2
expandable	2
hepatocytes	2
cholangiocytes	2
includes	2
minimal	2
uncouple	2
attenuating	2
precursors	2
asexual	2
lives	2
nearly	2
δth	2
hyperhomocysteinemia	2
intakes	2
relating	2
chd	2
covers	2
comorbid	2
integrating	2
collaborative	2
pharmacotherapy	2
hyperglycaemia	2
hyperlipidaemia	2
scales	2
upregulated	2
er	2
helices	2
erad	2
proteasome	2
fe	2
lysyl	2
catalyze	2
indeed	2
hydroxylated	2
arrests	2
damaging	2
adenocarcinomas	2
inducibly	2
timely	2
diseased	2
epithelia	2
ribonucleoprotein	2
hnrnp	2
featuring	2
consensus	2
klf	2
resident	2
granulocytic	2
tuning	2
multiorgan	2
peroxisome	2
α	2
γ	2
magnitude	2
lice	2
stronger	2
amplification	2
frequencies	2
observation	2
sensitisation	2
densities	2
disfavors	2
cg	2
monocytogenes	2
leishmania	2
immature	2
granulocytes	2
circulation	2
distinguished	2
mbr	2
synergy	2
shrinking	2
coordinates	2
cytoplasmic	2
interfering	2
arrangement	2
myofilaments	2
boutons	2
sprout	2
normally	2
branches	2
junctions	2
nmjs	2
monooxygenase	2
constitutively	2
contractile	2
enabling	2
trx	2
collapse	2
unappreciated	2
linking	2
ß	2
tumorigenic	2
ligation	2
costimulatory	2
regimen	2
gametocytocidal	2
prophylactic	2
mosquitoes	2
summarise	2
slightly	2
mood	2
oxaliplatin	2
preferable	2
pfs	2
met	2
chikungunya	2
steroidogenic	2
maladaptive	2
overexpressing	2
imbalance	2
actions	2
neuropeptide	2
illnesses	2
millions	2
immunized	2
subsided	2
begin	2
persist	2
maturity	2
conceptual	2
framework	2
beyond	2
neuroinflammation	2
rich	2
motifs	2
physiology	2
apparent	2
reliably	2
consultation	2
voicing	2
trivial	2
multicellular	2
nonmetastatic	2
ectodomain	2
etiology	2
reconstruct	2
asynchronous	2
dictated	2
artificial	2
spermatids	2
feasible	2
undetectable	2
died	2
intraparenchymal	2
unlikely	2
scurvy	2
content	2
perinatal	2
placenta	2
meiotic	2
partial	2
meiosis	2
spore	2
zinc	2
myelinated	2
codon	2
nnrti	2
disrupted	2
abundance	2
indispensible	2
granulosa	2
bnp	2
aetiology	2
myeloperoxidase	2
trap	2
svv	2
autoinflammatory	2
antineutrophil	2
ancas	2
numerous	2
cooperative	2
nonregular	2
ta	2
aa	2
ac	2
cc	2
tumorsupressing	2
circuit	2
overladen	2
tuberculous	2
maintains	2
restricting	2
operates	2
ecs	2
interplay	2
tolerant	2
coeliac	2
investigators	2
contactable	2
mobilize	2
bm	2
operational	2
projection	2
cgmp	2
clamp	2
synapses	2
projecting	2
periaqueductal	2
grey	2
pag	2
phenotypic	2
quitters	2
quit	2
examination	2
disparities	2
resection	2
episode	2
emergencies	2
provision	2
coast	2
papua	2
afforded	2
reanalysed	2
crisis	2
morphine	2
breathing	2
ppm	2
hyperproduction	2
unable	2
matches	2
subunits	2
healing	2
bladder	2
northern	2
interactome	2
bring	2
represented	2
promises	2
cheap	2
tasty	2
build	2
multiplicative	2
correlations	2
foci	2
mitoribosome	2
rrna	2
guarantees	2
nucleases	2
kccq	2
colposcopy	2
histological	2
clinicians	2
researchers	2
masked	2
assignment	2
incorporated	2
eight	2
capture	2
intention	2
smear	2
adequately	2
lend	2
nsclc	2
supraspinal	2
sci	2
deregulates	2
collapsed	2
endonuclease	2
organized	2
promiscuous	2
define	2
giving	2
power	2
lymphoblastic	2
remaining	2
euthyroid	2
hypothyroidism	2
radioactive	2
iodine	2
chosen	2
operative	2
thyroidectomy	2
refusal	2
operated	2
tor	2
delays	2
flies	2
methionine	2
alanine	2
noncognate	2
cheys	2
determinants	2
reengineer	2
histidine	2
finger	2
chey	2
capturing	2
underpins	2
haplodeficiency	2
mimics	2
dysregulatory	2
methyltransferase	2
select	2
perturbed	2
hox	2
exhibiting	2
surprising	2
patterning	2
homeotic	2
transformations	2
axial	2
skeleton	2
demethylation	2
ega	2
destabilizing	2
dimers	2
pca	2
rhythmically	2
seemed	2
clock	2
cryptochrome	2
hormones	2
rps	2
impart	2
hemodialysis	2
nonrandomized	2
facility	2
experimentally	2
attempted	2
harm	2
channelling	2
arousal	2
ejaculation	2
orgasm	2
satisfaction	2
scanning	2
heterodimer	2
remodeled	2
halts	2
reaction	2
hydrogel	2
hescs	2
encourage	2
october	2
get	2
univariate	2
socioeconomic	2
schools	2
contributors	2
undernutrition	2
comprised	2
hyperactivity	2
return	2
ensue	2
brs	2
resetting	2
au	2
cardiovagal	2
arbitrary	2
microneurography	2
blunting	2
finometer	2
azathioprine	2
methotrexate	2
mycophenolate	2
mofetil	2
ciclosporin	2
dapsone	2
ethnicity	2
tails	2
reverts	2
multivalent	2
imposed	2
characterization	2
collectrin	2
incorporation	2
depending	2
osteoclasts	2
osteoblast	2
take	2
hopes	2
linearly	2
secular	2
acceleration	2
industry	2
marketing	2
averting	2
rising	2
ssbs	2
sales	2
residence	2
microsimulation	2
facing	2
excise	2
cavity	2
probably	2
spread	2
lymphatics	2
priming	2
cluster	2
education	2
lifestyles	2
pentamer	2
extreme	2
nature	2
fadd	2
iec	2
iecs	2
κb	2
ileum	2
colonocyte	2
lymphatic	2
fibroblastic	2
reticular	2
separation	2
pgcs	2
combinatorial	2
pgc	2
baker	2
awaiting	2
billion	2
classification	2
centres	2
deaminates	2
cytosine	2
exerts	2
retroviral	2
defence	2
mutator	2
dc	2
penetration	2
governed	2
mechanismspherical	2
cellsthe	2
consumerscytokine	2
na	2
allows	2
happens	2
spatial	2
philadelphia	2
ph	2
proliferating	2
unfaithful	2
hrr	2
nhej	2
struggles	2
remove	2
abortion	2
suicides	2
representing	2
metalloproteases	2
mmps	2
adhesions	2
downregulates	2
insert	2
kdr	2
endodermal	2
plated	2
girls	2
created	2
hospitable	2
deficit	2
demand	2
maximal	2
toddlers	2
protracted	2
ceases	2
neurogenesis	2
begins	2
autonomously	2
output	2
pair	2
rvds	2
positions	2
weighing	2
consecutive	2
vice	2
versa	2
doubled	2
accounted	2
ui	2
globally	2
lethality	2
comparatively	2
analyzed	2
psychiatric	2
deadline	2
encounter	2
insurance	2
psychoactive	2
thiazide	2
nonstatin	2
macrolide	2
outweigh	2
sons	2
clomiphene	2
alri	2
admissions	2
means	2
junb	2
uncover	2
eb	2
drove	2
brains	2
glia	2
astroglia	2
regenerating	2
replicates	2
musc	2
remobilizes	2
postulated	2
birmingham	2
ethnic	2
demographic	2
hypothesize	2
smns	2
spanning	2
overlapping	2
encompassing	2
intron	2
predisposes	2
performance	2
puncture	2
catheterisation	2
diminish	2
growing	2
organelle	2
sharp	2
conical	2
attaching	2
sharpen	2
predatory	2
kill	2
prokaryotic	2
prey	2
final	2
cough	2
sputum	2
shortness	2
breath	2
wheeze	2
irrespective	2
pulse	2
wave	2
velocity	2
considerably	2
studied	2
adjustment	2
orchestrated	2
fate	2
supported	2
stimulatory	2
predicated	2
pyrogens	2
hyperthermia	2
termed	2
micrornas	2
contexts	2
fluctuations	2
enforce	2
leaky	2
face	2
macpf	2
pleurotolysin	2
pore	2
create	2
possible	2
gwas	2
efforts	2
493	2
282	2
801	2
adenosine	2
k17	2
577	2
broadest	2
xenotransplant	2
anabolic	2
delaying	2
map	2
glomerular	2
80	2
disposed	2
germination	2
200	2
350	2
34	2
experiment	2
gained	2
argues	2
citations	2
option	2
yes	2
vested	2
obviously	2
endorse	2
claim	2
surprisingly	2
plos	2
making	2
authors	2
podosomes	2
nih3t3	2
ptdins	2
phosphoinositide	2
facilitated	2
incongruent	2
representation	2
accompanying	2
contextual	2
special	2
2009	2
11	2
51	2
cma	2
cd62l	2
32	2
separately	2
intrauterine	2
membership	2
nd3	2
nd6	2
pathophysiology	2
allowance	2
cm	2
tagsnps	2
striking	2
30	2
inflamed	2
untreated	2
cardinal	2
injected	2
aldehyde	2
presumptive	2
sexes	2
chimaeric	2
gonads	2
ageing	2
assessors	2
combat	2
renewed	2
bradykinin	2
nonoccluded	2
ecnos	2
arteries	2
pigs	2
pik3ca	2
pi3k	2
polyadenylated	2
transforming	2
215	2
2005	2
22	2
emas	2
preparation	2
126	2
29	2
19	2
sir2	2
chromosomal	2
rad53	2
harmful	2
stochastic	2
variations	2
glycometabolic	2
17	2
9	2
ami	2
code	2
demethylase	2
myelopathy	2
tropical	2
spastic	2
paraparesis	2
immunodominant	2
carboxyhaemoglobin	2
thiocyanate	2
ai	2
occluded	2
forceful	2
focus	2
quarter	2
untruthful	2
2003	2
csf1rhigh	2
000	2
1979	2
1997	2
modelled	2
netherlands	2
registry	2
intratumoral	2
inositol	2
ptdlns	2
nosocomial	2
fevers	2
prestorage	2
introduced	2
canadian	2
agencies	2
curliproducing	2
eliminating	2
shp2	2
sulfonamides	2
penicillins	2
cephalosporins	2
unlike	2
acetyl	2
acetyltransferases	2
anscs	2
nsc	2
uninvolved	2
azt	2
nfat1	2
plekho1	2
incorporating	2
aptamers	2
penetrate	2
notably	2
tlx1	2
tlx3	2
fatness	2
hyperlipidemic	2
leanness	2
blacks	2
kindreds	2
conclude	2
biologic	2
distributions	2
adoptee	2
dominant	2
families	2
utrs	2
classify	2
make	2
mirror	2
rearrange	2
2007	2
motile	2
lamelliopodia	2
cin3	2
supplement	2
cones	2
ubiquitinated	2
decoy	2
destabilizes	2
govern	2
fidelity	2
cerebellum	2
unexpectedly	2
rpl38	2
2001	2
bcl2	2
e3	2
mms21	2
141	2
311	2
depots	2
bdnf	2
trkb	2
neurotrophic	2
postsynaptic	2
dendrites	2
min	2
ttregs	2
adept	2
cd3	2
crystal	2
yap1	2
tanslocates	2
matasteses	2
foxo3	2
double	2
500	2
700	2
subendocardial	2
180	2
utilization	2
allocated	2
insufficient	2
approximated	2
diversities	2
reversal	2
k164	2
1980	2
cinahl	2
1981	2
reprogram	2
serine	2
contradict	1
unos	1
substance	1
interview	1
needs	1
progressing	1
substantiates	1
hib	1
erythrocytes	1
advantageous	1
hypoglycaemia	1
mody	1
foetal	1
macrosomia	1
diacylglycerol	1
κ	1
compelling	1
ranked	1
spacer	1
offer	1
concepts	1
dysfunctional	1
optimistic	1
immediate	1
uncertainty	1
prospect	1
assumptions	1
transmissibility	1
ranged	1
agreement	1
epidemiologic	1
ambitious	1
attenuates	1
puma	1
bax	1
autophosphorylation	1
harbored	1
landscape	1
exomic	1
thalamic	1
insights	1
mosaic	1
engulfing	1
gtpase	1
gap	1
dead	1
brought	1
verge	1
sublethal	1
insults	1
nonpathogenic	1
uncovering	1
cargo	1
lipopolysaccharide	1
toxins	1
vacuole	1
polymerization	1
cofilin	1
labor	1
division	1
manipulation	1
contributions	1
ontological	1
cx	1
cre	1
recombinase	1
phagocytes	1
cryopyrin	1
asc	1
gout	1
pseudogout	1
monosodium	1
urate	1
pyrophosphate	1
dihydrate	1
crystals	1
joints	1
periarticular	1
influx	1
peritonitis	1
tended	1
arrhythmia	1
transendocardial	1
reactions	1
minnesota	1
mlhfq	1
york	1
ejection	1
infarct	1
favorably	1
cardiomyopathy	1
fire	1
passive	1
pausing	1
terminated	1
threshold	1
selecting	1
diagnose	1
recommended	1
traditionally	1
misdiagnosis	1
hypothetical	1
equivalent	1
prophylaxis	1
nondepressed	1
nociception	1
myofascial	1
choice	1
tolerability	1
amitriptylinoxide	1
fisher	1
abstract	1
words	1
ensuring	1
continue	1
environments	1
tractable	1
fertilization	1
extend	1
organism	1
success	1
parthenogenesis	1
preexisting	1
hypotension	1
filling	1
pressures	1
sheep	1
agar	1
plates	1
personal	1
contamination	1
mixed	1
dry	1
mouth	1
drowsiness	1
dropout	1
redress	1
problem	1
government	1
house	1
lords	1
campaign	1
overarching	1
advisory	1
amelioration	1
another	1
cdna	1
homology	1
recq	1
subfamily	1
dexh	1
bs	1
undergone	1
intragenic	1
conferring	1
decay	1
location	1
lactate	1
lps	1
rule	1
sleeve	1
gastrectomy	1
subject	1
inaccuracy	1
underestimates	1
true	1
sizes	1
erna	1
ascribe	1
combine	1
proxy	1
epidemiological	1
papers	1
addressing	1
promising	1
neurodegeneration	1
dogma	1
mper	1
neutralization	1
resembles	1
lacks	1
anchoring	1
gradients	1
steering	1
locomotion	1
augments	1
impressive	1
cars	1
hematologic	1
tec	1
islet	1
diabetogenic	1
lymphocytic	1
nonlymphoid	1
hepatocyte	1
hgf	1
osteopontin	1
opn	1
killed	1
cscs	1
coat	1
pat	1
triglyceride	1
lipase	1
evolutionarily	1
vesicle	1
droplets	1
image	1
optical	1
brefeldin	1
phenocopy	1
knockdowns	1
nonshivering	1
corroborate	1
opportunity	1
conducting	1
densely	1
intersperse	1
elongated	1
render	1
resting	1
computational	1
accelerate	1
repolarization	1
synchronized	1
periodic	1
subnuclear	1
distantly	1
concluded	1
kidneys	1
surviving	1
stis	1
heterogeneously	1
cultured	1
rosa	1
floxed	1
eyfp	1
deleterious	1
deimination	1
reactivity	1
externalization	1
immunostimulatory	1
periphery	1
infiltrated	1
nodules	1
acpas	1
destabilized	1
plate	1
triskelia	1
involve	1
fusions	1
shut	1
concentrates	1
anaphase	1
budding	1
localizes	1
competent	1
configuration	1
psychological	1
ambulant	1
polysomnographic	1
diaries	1
wake	1
polysomnography	1
pharmacotherapies	1
mellow	1
coymv	1
plant	1
potentiate	1
transcriptomes	1
megakaryocytes	1
mks	1
erythroblasts	1
ebs	1
blueberries	1
grapes	1
apples	1
juice	1
prescription	1
explicit	1
formulary	1
aligned	1
prematurely	1
creates	1
detachment	1
alignment	1
fosters	1
certo	1
silence	1
transposons	1
scaffolds	1
counting	1
resected	1
docetaxel	1
bioavailability	1
complicated	1
anesthetized	1
cynomolgus	1
clot	1
subacute	1
infusions	1
analgesia	1
reoperation	1
instars	1
larval	1
instar	1
medial	1
lobe	1
maturing	1
juxtaposed	1
designated	1
sensed	1
bond	1
tension	1
straight	1
interfaces	1
organizers	1
plans	1
boundary	1
exhibits	1
zipper	1
spliced	1
dscam	1
generating	1
prrs	1
vector	1
anopheles	1
responds	1
repertoires	1
phagocytosis	1
defend	1
morbidities	1
instrumental	1
nonexposed	1
tetraploid	1
complementation	1
snel	1
mefs	1
ipscs	1
oskm	1
methylated	1
establishment	1
superenhancers	1
aneuploidy	1
trisomy	1
distinguishing	1
platform	1
highlights	1
vaccinology	1
inability	1
expense	1
immunogenicity	1
necessitating	1
boosters	1
bwh	1
ards	1
distress	1
elucidating	1
concise	1
npy	1
ampa	1
epscs	1
depolarization	1
paralleled	1
synaptogenesis	1
spinogenesis	1
neurocircuitry	1
vgluts	1
vgat	1
modify	1
proopiomelanocortin	1
fed	1
behavioural	1
anthropometric	1
suggestions	1
genotypic	1
dystocia	1
baby	1
obstetric	1
summarised	1
dichotomous	1
shanghai	1
china	1
progressively	1
residential	1
nearest	1
road	1
foxk	1
recruits	1
thorough	1
reciprocally	1
tic	1
feedforward	1
myelosuppression	1
widespread	1
appreciated	1
proteases	1
concert	1
junctional	1
colonic	1
compensation	1
germline	1
hras	1
architectural	1
oligonucleotide	1
assume	1
misregulated	1
reestablished	1
rescue	1
morphological	1
abnormalities	1
elevation	1
excitatory	1
gliotransmission	1
ignition	1
sustains	1
astrocyte	1
pig	1
precisely	1
intense	1
field	1
interrelated	1
parenchyma	1
yin	1
yang	1
biophysical	1
larg	1
cytoskeletal	1
stiffness	1
reinforcement	1
cpg	1
hypermethylated	1
silenced	1
premalignant	1
parallel	1
secretions	1
swabs	1
receiver	1
operating	1
curve	1
employed	1
epigenome	1
interface	1
polycomb	1
validation	1
gee	1
systematically	1
underestimate	1
glycemia	1
cardia	1
jackson	1
hbss	1
hbcc	1
hbac	1
cross	1
sectional	1
stores	1
spectroscopy	1
pathogenicity	1
island	1
cagpai	1
helminth	1
nippostrongylus	1
brasiliensis	1
transitory	1
persistence	1
aams	1
adoptively	1
stratification	1
phosphatidylcholine	1
metabolized	1
proatherogenic	1
exclude	1
parthenogenetic	1
karyotypic	1
distinguish	1
grown	1
feeder	1
passaging	1
freezing	1
thawing	1
alkaline	1
karyotype	1
debilitating	1
redundant	1
council	1
cambridge	1
bupa	1
served	1
crosslinking	1
igd	1
igm	1
microdissection	1
spectrometry	1
detailed	1
maps	1
operation	1
theory	1
metals	1
tungsten	1
metal	1
oxides	1
adsorption	1
energies	1
intermediates	1
undertook	1
cardiogenics	1
ancestry	1
paracrine	1
lif	1
strains	1
epitomized	1
developmentally	1
ref	1
unusual	1
possesses	1
repressive	1
marks	1
oligoclonal	1
raising	1
acceptance	1
coupled	1
url	1
meet	1
fumarylacetoacetate	1
hydrolase	1
fah	1
upar	1
podocyte	1
lowers	1
tumours	1
scars	1
mechanotransduction	1
mechanically	1
chemoattractant	1
disrupting	1
carboxylase	1
physcion	1
derivative	1
nude	1
ppp	1
artemisinin	1
frontline	1
southeast	1
asia	1
gametocytes	1
lends	1
optimism	1
screenings	1
chemical	1
libraries	1
parasitic	1
protozoan	1
concern	1
acutely	1
dopaminergic	1
catecholaminergic	1
midbrain	1
integrate	1
palatability	1
reward	1
world	1
schedule	1
atherogenesis	1
evolutionary	1
rhomboid	1
protease	1
cleaves	1
polytopic	1
proteolytic	1
dislocation	1
safeguard	1
directing	1
incorrectly	1
folded	1
unassembled	1
behaviors	1
mdmx	1
jumonji	1
pursuit	1
aggressiveness	1
pvn	1
gαs	1
coupling	1
closure	1
inwardly	1
rectifying	1
potassium	1
anorexigenic	1
orexigenic	1
arcuate	1
polymicrobial	1
endotoxemia	1
repressor	1
captopril	1
additive	1
intravenous	1
humoral	1
lavs	1
intercept	1
rationale	1
vectors	1
elicit	1
allergies	1
egg	1
hereditary	1
docosahexaenoic	1
optimise	1
infant	1
domino	1
adelaide	1
regime	1
enriches	1
dinucleotides	1
maximally	1
liposome	1
reappeared	1
steatohepatitis	1
sarcomeric	1
beneath	1
plasmamembrane	1
immunohistochemical	1
stainings	1
subcellular	1
disturbed	1
filamentous	1
restrains	1
complementary	1
microfilament	1
comes	1
myofilament	1
repulsion	1
melanogaster	1
hydrogen	1
peroxide	1
casl	1
oxidized	1
homodimer	1
glycogen	1
clarify	1
ikkβ	1
microarray	1
subprogram	1
maf	1
oncoproteins	1
alongside	1
immunomodulatory	1
uneven	1
successes	1
failures	1
encapsulated	1
gametocytaemia	1
infectiousness	1
searched	1
search	1
science	1
lists	1
peritoneum	1
bloodstream	1
catheter	1
discretionary	1
escalation	1
unveil	1
paramount	1
immunization	1
vigorous	1
hearts	1
polymerase	1
obstructing	1
cork	1
bottle	1
modifying	1
expectations	1
preferences	1
practices	1
midlands	1
england	1
practitioners	1
consulting	1
transporter	1
newborn	1
revealing	1
acidic	1
fingers	1
technique	1
fluorescent	1
labeling	1
color	1
ranvier	1
incisures	1
pathologies	1
spectral	1
reflectance	1
images	1
merging	1
reflected	1
lasers	1
wavelengths	1
columbia	1
excellence	1
isolates	1
tams	1
regimens	1
gestation	1
luteal	1
permitted	1
implantation	1
retardation	1
embryonically	1
gastrulation	1
sustaining	1
possibilities	1
mendelian	1
randomization	1
existing	1
microbes	1
extracellularly	1
recruit	1
å	1
attachment	1
huge	1
hour	1
inspired	1
endotracheal	1
intubation	1
stay	1
canada	1
germany	1
ascertained	1
differed	1
transparent	1
conduct	1
stepwise	1
dissection	1
operant	1
hnscc	1
elucidate	1
vasculature	1
angiogenic	1
neovascularization	1
classic	1
myelomagenesis	1
tolerate	1
oats	1
avenin	1
peer	1
transparency	1
governance	1
frameworks	1
osteocytic	1
osteoblasts	1
osteocyte	1
sympathectomy	1
eighteen	1
f	1
phosphodiesterases	1
nmda	1
sm	1
myogenically	1
divided	1
habits	1
reducers	1
quitting	1
hazards	1
endpoints	1
statistics	1
hes	1
dataset	1
nhs	1
plan	1
lose	1
cardioexcitatory	1
pertinent	1
flexibility	1
nonspecific	1
senior	1
morning	1
call	1
readily	1
linkage	1
disequilibrium	1
ld	1
haplotypes	1
donors	1
hct	1
confirmed	1
blot	1
assays	1
surveyed	1
confounders	1
pancreas	1
pelvis	1
rectum	1
incidences	1
nonusers	1
kaiser	1
permanente	1
california	1
ingredients	1
correspond	1
converge	1
processed	1
interact	1
colocalize	1
mtrna	1
takes	1
nucleoids	1
presumably	1
sufficiently	1
polymerases	1
slopes	1
conferred	1
scored	1
enrollment	1
innovative	1
invited	1
attended	1
organised	1
arms	1
cytological	1
regressive	1
picks	1
assay	1
qiagen	1
gaithersburg	1
md	1
usa	1
digene	1
equivocal	1
legions	1
sedimentation	1
esr	1
neuromelanin	1
inclusions	1
able	1
stepping	1
irreversible	1
interruption	1
spared	1
descend	1
incomplete	1
augmenting	1
sclerosis	1
pseudogenes	1
eliminate	1
parp	1
extends	1
olaparib	1
repeats	1
restarted	1
arising	1
hits	1
conservative	1
stresses	1
whereupon	1
bypasses	1
mechanistically	1
notable	1
exception	1
purge	1
specificities	1
hhs	1
trfh	1
eliminates	1
phenocopies	1
excision	1
circle	1
networks	1
decipher	1
span	1
approved	1
nestles	1
hydrophobic	1
pocket	1
rrs	1
cheb	1
accommodation	1
fmet	1
formylmethionyl	1
charged	1
trna	1
reprograms	1
reflection	1
reason	1
vertebrates	1
partnered	1
unusually	1
losing	1
atherogenic	1
enzalutamide	1
player	1
rore	1
hyperactivated	1
reconstitution	1
forskolin	1
adenyl	1
cyclase	1
back	1
epinephrine	1
dephosphorylation	1
nonvertebral	1
osteoporosis	1
egger	1
funnel	1
plot	1
experts	1
literature	1
unspecific	1
arthroscopic	1
decompression	1
harvested	1
sedentary	1
depleting	1
rest	1
assessor	1
federal	1
carefully	1
noncompliance	1
allow	1
coiled	1
coil	1
pointing	1
releases	1
reinforces	1
guided	1
cues	1
anticoagulation	1
arrival	1
numerically	1
finding	1
proceedings	1
sampling	1
graduation	1
anonymised	1
copies	1
files	1
held	1
original	1
doctor	1
come	1
disciplinary	1
panels	1
injuries	1
tobacco	1
inactivity	1
ylds	1
share	1
ylls	1
synergistic	1
friction	1
multicellularity	1
averaged	1
fixation	1
surgeons	1
techniques	1
rehabilitation	1
np	1
multiunit	1
msna	1
vasoconstrictor	1
nerves	1
preeclampsia	1
pe	1
trimester	1
outflow	1
ocular	1
adversely	1
atrial	1
fibrillation	1
repeated	1
antipsychotics	1
terminally	1
islets	1
thymidine	1
viewed	1
caution	1
inversely	1
bulk	1
trabecular	1
cathepsin	1
preosteoclasts	1
ovx	1
powered	1
citalopram	1
fiscal	1
vast	1
estimation	1
assumption	1
consumer	1
captured	1
elasticities	1
consumers	1
underreporting	1
calculations	1
gallbladder	1
vav	1
haemoglobin	1
hba	1
multicentre	1
randomisation	1
emotional	1
pentameric	1
ring	1
spp	1
renowned	1
amazing	1
recover	1
fragmentation	1
desiccation	1
adaptations	1
senses	1
temperatures	1
noradrenaline	1
efferent	1
rela	1
relb	1
cellularity	1
osteoprotegerin	1
perturbation	1
far	1
mathematically	1
verifiable	1
algorithm	1
scheme	1
currently	1
roc	1
reclassification	1
procalcitonin	1
add	1
retroviruses	1
considerations	1
communications	1
mgr	1
saturates	1
resource	1
rodent	1
reflects	1
inoculating	1
transcriptionally	1
postinfection	1
antiinflammatory	1
strictly	1
metalloprotease	1
clasp	1
fas	1
enormously	1
colonies	1
methylcellulose	1
boys	1
stillbirth	1
interconnectivity	1
phytopathogenic	1
recognize	1
tandem	1
diresidues	1
connected	1
superhelical	1
tracks	1
sense	1
duplex	1
contacting	1
groove	1
indirect	1
constituting	1
minimises	1
teenage	1
proteomes	1
unbiased	1
postmarket	1
biologics	1
jersey	1
medicare	1
medicaid	1
pharmacy	1
assistance	1
disabled	1
underwent	1
testicular	1
urogenital	1
anomalies	1
epididymal	1
cysts	1
clomifene	1
menstrual	1
faeces	1
dictate	1
fatality	1
shifts	1
leftwards	1
accumulated	1
hela	1
derepressed	1
influencing	1
lincrna	1
close	1
pleomorphism	1
hominid	1
propagated	1
fibronectin	1
detrimental	1
muscs	1
ecological	1
electoral	1
multivariable	1
poverty	1
preferential	1
certification	1
shortcomings	1
censuses	1
annual	1
calculate	1
poisson	1
snapshots	1
rabbit	1
shaped	1
anatomical	1
set	1
rabbits	1
neoplasms	1
nondiseased	1
adjunct	1
construct	1
rendered	1
lost	1
tki	1
digital	1
serial	1
specimens	1
undescribed	1
oriented	1
uniformly	1
arbors	1
branch	1
intermediate	1
leveraged	1
proven	1
intracolorectal	1
route	1
impractical	1
microparticles	1
comparably	1
vaccination	1
cessation	1
gradient	1
burkitt	1
ebv	1
analogous	1
bacteriophages	1
penetrating	1
trimeric	1
ensured	1
unnecessary	1
adequate	1
climates	1
aim	1
busy	1
streets	1
intracranial	1
neurologic	1
recapitulating	1
collagen	1
supplemented	1
wound	1
trnas	1
persulfide	1
chemistry	1
robustness	1
reinforcing	1
staging	1
cytometry	1
investigates	1
plyb	1
bent	1
distorted	1
extrusion	1
refolding	1
tmh	1
explanation	1
stochastically	1
inevitable	1
reasonable	1
uncommon	1
credited	1
careful	1
computer	1
simulations	1
convincingly	1
resequencing	1
corroborates	1
carrier	1
177	1
41	1
vmax	1
deaminases	1
adars	1
inosine	1
bleomycin	1
catabolic	1
metabolism5	1
apoe3	1
tp53	1
chk2	1
mutational	1
profiling	1
ptv	1
18	1
hscs	1
labels	1
brdu	1
asymmetrically	1
divide	1
slowly	1
perfusion	1
filtration	1
gfr	1
ang	1
semiquiescent	1
reaerosolization	1
simulated	1
colonization	1
favours	1
exploit	1
taurocholate	1
mannitol	1
sorbitol	1
raffinose	1
stachyose	1
dipeptides	1
sugar	1
alcohols	1
reflecting	1
2010	1
syndemic	1
blackwell	1
springer	1
press	1
refute	1
hard	1
worth	1
publishers	1
eysenbach	1
looked	1
bibliometric	1
supplementary	1
choosing	1
pnas	1
chose	1
sh3	1
3494	1
multiphasic	1
unlabelled	1
comprehend	1
hinder	1
listener	1
perception	1
perceive	1
modality	1
presentation	1
finally	1
streams	1
contextually	1
statement	1
seeing	1
talks	1
shares	1
electrophysiological	1
multivariate	1
congruency	1
electroencephalography	1
facial	1
movements	1
focused	1
syllables	1
introduce	1
relatively	1
inexpensive	1
scalp	1
syllable	1
autophagic	1
cd62	1
comprising	1
eclampsia	1
als	1
proteinosis	1
7610	1
196	1
120	1
convincing	1
aimed	1
tagging	1
losses	1
chronologic	1
drinking	1
homozygotes	1
heterozygotes	1
aldh2	1
chronological	1
leucocyte	1
photographs	1
uncoupling	1
vasodilator	1
microm	1
vasodilation	1
relaxing	1
positron	1
emission	1
tomography	1
microscopic	1
catalytic	1
antiproliferative	1
antitumoral	1
23	1
216	1
cd103	1
cd11b	1
ilc	1
truc	1
highlighted	1
apobec1	1
task	1
accomplished	1
apobec	1
13	1
nausea	1
vomiting	1
elective	1
ibuprofen	1
asked	1
character	1
schema	1
evasion	1
towards	1
dnmtis	1
hdacis	1
holds	1
administer	1
slow	1
83	1
70	1
meaningfully	1
phobic	1
subscale	1
epsilon4	1
polyubiquitylation	1
proteolysis	1
tyr	1
99	1
h3	1
ubiquitylation	1
stops	1
gata3	1
75	1
sca1	1
cd150	1
cd48	1
fundamentally	1
randomness	1
others	1
derives	1
detaching	1
163	1
116	1
81	1
6574	1
fev1	1
symptom	1
imposes	1
lsd1	1
circumvents	1
refs	1
63	1
84	1
tertiary	1
lipids	1
saphenous	1
68	1
graded	1
hrs	1
hypoglycemic	1
cox	1
proportional	1
hyperlipidemia	1
ischemia	1
complaints	1
g6pase	1
confined	1
csf1rlow	1
subtype	1
contained	1
moz	1
cured	1
1357	1
296	1
575	1
64	1
dispensed	1
prescriptions	1
methylphenidate	1
amphetamine	1
atomoxetine	1
1996	1
must	1
partly	1
looking	1
1993	1
upwards	1
smoothly	1
1960s	1
1991	1
seems	1
protocols	1
gynaecologist	1
finnish	1
αtat1	1
coadministration	1
depletes	1
perfused	1
vascularized	1
insensitive	1
chemotherapeutic	1
pi	1
heavily	1
46	1
norwegian	1
nct00295386	1
293	1
461	1
autosomal	1
passed	1
implemented	1
clustered	1
constraints	1
enteric	1
opposite	1
liposomes	1
repopulation	1
subsets	1
cd43	1
cd11c	1
stat3	1
mtorc1	1
modifcation	1
referred	1
coa	1
proteomic	1
degenerative	1
huntington	1
efficacious	1
54	1
capecitabine	1
qol	1
fluorouracil	1
synthetase	1
repressed	1
isogenic	1
comprehensively	1
document	1
directionality	1
permits	1
females	1
elevate	1
fetuses	1
slc23a1	1
k103n	1
oscillations	1
coincident	1
freely	1
diffusible	1
message	1
coordination	1
array	1
ch6	1
boosted	1
microarchitecture	1
osteopenic	1
lnps	1
advancing	1
selectivity	1
osteogenic	1
pr3	1
vasculitis	1
rifampicin	1
accumulates	1
persisting	1
tubercle	1
bacilli	1
reside	1
moxifloxacin	1
persists	1
shortening	1
diffuse	1
concordant	1
shorten	1
modelling	1
service	1
pounds	1
sterling	1
incremental	1
weaker	1
polygenic	1
explanations	1
habitus	1
379	1
probands	1
125	1
147	1
55	1
intrapair	1
coefficients	1
reared	1
fathers	1
adoptive	1
certainly	1
applied	1
consisted	1
sibs	1
elementary	1
metric	1
discriminates	1
classes	1
omnivorous	1
g1	1
metropolitan	1
perth	1
objectives	1
2985	1
occasion	1
escape	1
sporadic	1
unilateral	1
ureteral	1
migrated	1
parietal	1
bowman	1
capsule	1
filter	1
technical	1
electron	1
ck666	1
centripetal	1
shape	1
suspended	1
arcs	1
visible	1
coelomocytes	1
exaggerated	1
manifestation	1
elongate	1
scaffold	1
isrctn81678807	1
entitled	1
267	1
999	1
locally	1
translated	1
g4	1
73	1
60	1
valuable	1
underscoring	1
devise	1
enhancers	1
insulators	1
cohesin	1
il2	1
rbm17	1
stat5a	1
foxp3	1
immunoprecipitation	1
hierarchy	1
stabilities	1
carrying	1
complements	1
ncp	1
80s	1
l38	1
deacetylating	1
sirt1	1
hdac2	1
nitrosylated	1
cys	1
150	1
citrate	1
nonselective	1
93	1
week	1
carried	1
forward	1
november	1
2000	1
outpatients	1
2013	1
2016	1
1662	1
institutes	1
036	1
4918	1
585	1
5783	1
de	1
postnatally	1
2015	1
sltp	1
fast	1
spine	1
nmdar	1
camkii	1
postsynaptically	1
factorial	1
refuting	1
beneficiaries	1
nationally	1
households	1
calculated	1
capita	1
comorbidity	1
debate	1
respective	1
extracted	1
author	1
affiliations	1
oncogenesis	1
strikes	1
fold	1
topologically	1
ago	1
remarkable	1
rlrs	1
lgp2	1
sensing	1
rlr	1
autoregulation	1
cofactor	1
popularity	1
tea	1
smad	1
nfat	1
stat	1
nucleocytoplasmic	1
shuttling	1
overlooked	1
eicosanoids	1
glycosylated	1
shed	1
27	1
initiating	1
carcinogen	1
dimethylbenzanthracene	1
rs2423279	1
rs10774214	1
ccnd2	1
crc	1
asians	1
rs12212067	1
activin	1
morphogenetic	1
bmp4	1
bfgf	1
fgf2	1
vegf	1
vegfa	1
dickkopf	1
dkk1	1
cd117	1
neg	1
displays	1
monolayer	1
contracting	1
cardiogenesis	1
analysed	1
defines	1
tends	1
prone	1
cas9	1
powerful	1
699	1
prisons	1
amyloid	1
psir	1
continuum	1
t1	1
conjunction	1
cin8	1
decorated	1
delivered	1
multicomponent	1
macromolecular	1
machine	1
ecology	1
killing	1
vibrio	1
cholerae	1
acinetobacter	1
baylyi	1
71	1
coenzyme	1
meaningful	1
osteoporotic	1
jama	1
133	1
isrctn28163533	1
guidelines	1
extrapolating	1
recommend	1
grip	1
myasthenia	1
gravis	1
sharply	1
chimeric	1
barnes	1
maze	1
navigation	1
tone	1
fear	1
conditioning	1
allografted	1
gpcs	1
deficiencies	1
views	1
chains	1
unrestrained	1
breakage	1
slowing	1
1334	1
674	1
660	1
ovid	1
language	1
aedes	1
aegypti	1
subgroups	1
loi	1
igf2	1
evidenced	1
interestingly	1
utilize	1
biosynthetic	1
psat1	1
cytosolic	1
terminus	1
pharmacologic	1
cystine	1
glutathione	1
unanticipated	1
adapt	1
changing	1
